"p","arc_length","Points:0","Points:1","Points:2"
-4.8708,0,-0.30561,0.37871,0.013302
-4.8813,0.0016335,-0.3056,0.3787,0.014935
-4.8808,0.003249,-0.3056,0.3787,0.016551
-4.8404,0.0048895,-0.3056,0.3787,0.018191
-4.7859,0.0064804,-0.3056,0.3787,0.019782
-4.7527,0.0080338,-0.3056,0.3787,0.021335
-4.7106,0.0095691,-0.3056,0.3787,0.022871
-4.6739,0.011097,-0.3056,0.3787,0.024399
-4.646,0.012623,-0.3056,0.3787,0.025925
-4.6122,0.014148,-0.3056,0.3787,0.02745
-4.5767,0.015673,-0.3056,0.3787,0.028975
-4.5355,0.017198,-0.3056,0.3787,0.0305
-4.4924,0.018723,-0.3056,0.3787,0.032025
-4.4676,0.020248,-0.3056,0.3787,0.03355
-4.4498,0.021773,-0.3056,0.3787,0.035075
-4.4302,0.023298,-0.3056,0.3787,0.0366
-4.4156,0.024823,-0.3056,0.3787,0.038125
-4.4155,0.026348,-0.3056,0.3787,0.03965
-4.3648,0.027873,-0.3056,0.3787,0.041175
-4.2878,0.029398,-0.3056,0.3787,0.0427
-4.187,0.030923,-0.3056,0.3787,0.044225
-4.1,0.032448,-0.3056,0.3787,0.04575
-4.0957,0.033973,-0.3056,0.3787,0.047275
-4.0897,0.035498,-0.3056,0.3787,0.0488
-4.0648,0.037023,-0.3056,0.3787,0.050325
-4.0391,0.038548,-0.3056,0.3787,0.05185
-4.0136,0.040073,-0.3056,0.3787,0.053375
-3.9892,0.041598,-0.3056,0.3787,0.0549
-3.966,0.043123,-0.3056,0.3787,0.056425
-3.9436,0.044648,-0.3056,0.3787,0.05795
-3.9225,0.046173,-0.3056,0.3787,0.059475
-3.9024,0.047698,-0.3056,0.3787,0.061
-3.8834,0.049223,-0.3056,0.3787,0.062525
-3.8657,0.050748,-0.3056,0.3787,0.06405
-3.8488,0.052273,-0.3056,0.3787,0.065575
-3.8322,0.053798,-0.3056,0.3787,0.0671
-3.8165,0.055323,-0.3056,0.3787,0.068625
-3.8008,0.056848,-0.3056,0.3787,0.07015
-3.7857,0.058373,-0.3056,0.3787,0.071675
-3.7722,0.059898,-0.3056,0.3787,0.0732
-3.7568,0.061423,-0.3056,0.3787,0.074725
-3.7428,0.062948,-0.3056,0.3787,0.07625
-3.7297,0.064473,-0.3056,0.3787,0.077775
-3.7165,0.065998,-0.3056,0.3787,0.0793
-3.7043,0.067523,-0.3056,0.3787,0.080825
-3.6922,0.069048,-0.3056,0.3787,0.08235
-3.6809,0.070573,-0.3056,0.3787,0.083875
-3.6699,0.072098,-0.3056,0.3787,0.0854
-3.6594,0.073623,-0.3056,0.3787,0.086925
-3.6493,0.075148,-0.3056,0.3787,0.08845
-3.6396,0.076673,-0.3056,0.3787,0.089975
-3.6303,0.078198,-0.3056,0.3787,0.0915
-3.6213,0.079723,-0.3056,0.3787,0.093025
-3.6127,0.081248,-0.3056,0.3787,0.09455
-3.6044,0.082773,-0.3056,0.3787,0.096075
-3.5964,0.084298,-0.3056,0.3787,0.0976
-3.5886,0.085823,-0.3056,0.3787,0.099125
-3.5811,0.087348,-0.3056,0.3787,0.10065
-3.5741,0.088873,-0.3056,0.3787,0.10217
-3.5675,0.090398,-0.3056,0.3787,0.1037
-3.561,0.091923,-0.3056,0.3787,0.10522
-3.5545,0.093448,-0.3056,0.3787,0.10675
-3.5484,0.094973,-0.3056,0.3787,0.10827
-3.5425,0.096498,-0.3056,0.3787,0.1098
-3.5369,0.098023,-0.3056,0.3787,0.11133
-3.5314,0.099548,-0.3056,0.3787,0.11285
-3.5261,0.10107,-0.3056,0.3787,0.11438
-3.521,0.1026,-0.3056,0.3787,0.1159
-3.5161,0.10412,-0.3056,0.3787,0.11743
-3.5113,0.10565,-0.3056,0.3787,0.11895
-3.5066,0.10717,-0.3056,0.3787,0.12048
-3.5021,0.1087,-0.3056,0.3787,0.122
-3.4977,0.11022,-0.3056,0.3787,0.12353
-3.4934,0.11175,-0.3056,0.3787,0.12505
-3.4893,0.11327,-0.3056,0.3787,0.12657
-3.4854,0.1148,-0.3056,0.3787,0.1281
-3.4816,0.11632,-0.3056,0.3787,0.12962
-3.478,0.11785,-0.3056,0.3787,0.13115
-3.4744,0.11937,-0.3056,0.3787,0.13268
-3.471,0.1209,-0.3056,0.3787,0.1342
-3.4677,0.12242,-0.3056,0.3787,0.13573
-3.4645,0.12395,-0.3056,0.3787,0.13725
-3.4615,0.12547,-0.3056,0.3787,0.13878
-3.4586,0.127,-0.3056,0.3787,0.1403
-3.4558,0.12852,-0.3056,0.3787,0.14183
-3.453,0.13005,-0.3056,0.3787,0.14335
-3.4504,0.13157,-0.3056,0.3787,0.14488
-3.4479,0.1331,-0.3056,0.3787,0.1464
-3.4453,0.13462,-0.3056,0.3787,0.14793
-3.4428,0.13615,-0.3056,0.3787,0.14945
-3.4404,0.13767,-0.3056,0.3787,0.15098
-3.4382,0.1392,-0.3056,0.3787,0.1525
-3.4359,0.14072,-0.3056,0.3787,0.15403
-3.4337,0.14225,-0.3056,0.3787,0.15555
-3.4316,0.14377,-0.3056,0.3787,0.15708
-3.4295,0.1453,-0.3056,0.3787,0.1586
-3.4274,0.14682,-0.3056,0.3787,0.16013
-3.4254,0.14835,-0.3056,0.3787,0.16165
-3.4235,0.14987,-0.3056,0.3787,0.16318
-3.4217,0.1514,-0.3056,0.3787,0.1647
-3.4199,0.15292,-0.3056,0.3787,0.16623
-3.4182,0.15445,-0.3056,0.3787,0.16775
-3.4166,0.15597,-0.3056,0.3787,0.16928
-3.415,0.1575,-0.3056,0.3787,0.1708
-3.4134,0.15902,-0.3056,0.3787,0.17233
-3.4118,0.16055,-0.3056,0.3787,0.17385
-3.4102,0.16207,-0.3056,0.3787,0.17537
-3.4087,0.1636,-0.3056,0.3787,0.1769
-3.4074,0.16512,-0.3056,0.3787,0.17842
-3.4061,0.16665,-0.3056,0.3787,0.17995
-3.4048,0.16817,-0.3056,0.3787,0.18147
-3.4035,0.1697,-0.3056,0.3787,0.183
-3.4022,0.17122,-0.3056,0.3787,0.18452
-3.401,0.17275,-0.3056,0.3787,0.18605
-3.3997,0.17427,-0.3056,0.3787,0.18757
-3.3984,0.1758,-0.3056,0.3787,0.1891
-3.3972,0.17732,-0.3056,0.3787,0.19062
-3.3959,0.17885,-0.3056,0.3787,0.19215
-3.3949,0.18037,-0.3056,0.3787,0.19367
-3.3937,0.1819,-0.3056,0.3787,0.1952
-3.3926,0.18342,-0.3056,0.3787,0.19672
-3.3915,0.18495,-0.3056,0.3787,0.19825
-3.3903,0.18647,-0.3056,0.3787,0.19977
-3.3893,0.188,-0.3056,0.3787,0.2013
-3.3882,0.18952,-0.3056,0.3787,0.20282
-3.3873,0.19105,-0.3056,0.3787,0.20435
-3.3864,0.19257,-0.3056,0.3787,0.20587
-3.3854,0.1941,-0.3056,0.3787,0.2074
-3.3846,0.19562,-0.3056,0.3787,0.20892
-3.3839,0.19715,-0.3056,0.3787,0.21045
-3.3832,0.19867,-0.3056,0.3787,0.21197
-3.3825,0.2002,-0.3056,0.3787,0.2135
-3.3816,0.20172,-0.3056,0.3787,0.21502
-3.3807,0.20325,-0.3056,0.3787,0.21655
-3.3799,0.20477,-0.3056,0.3787,0.21808
-3.3793,0.2063,-0.3056,0.3787,0.2196
-3.3785,0.20782,-0.3056,0.3787,0.22113
-3.3777,0.20935,-0.3056,0.3787,0.22265
-3.3769,0.21087,-0.3056,0.3787,0.22418
-3.3761,0.2124,-0.3056,0.3787,0.2257
-3.3753,0.21392,-0.3056,0.3787,0.22723
-3.3746,0.21545,-0.3056,0.3787,0.22875
-3.3739,0.21697,-0.3056,0.3787,0.23028
-3.3733,0.2185,-0.3056,0.3787,0.2318
-3.3726,0.22002,-0.3056,0.3787,0.23333
-3.3718,0.22155,-0.3056,0.3787,0.23485
-3.3711,0.22307,-0.3056,0.3787,0.23638
-3.3704,0.2246,-0.3056,0.3787,0.2379
-3.3696,0.22612,-0.3056,0.3787,0.23943
-3.3687,0.22765,-0.3056,0.3787,0.24095
-3.368,0.22917,-0.3056,0.3787,0.24248
-3.3673,0.2307,-0.3056,0.3787,0.244
-3.3665,0.23222,-0.3056,0.3787,0.24553
-3.3659,0.23375,-0.3056,0.3787,0.24705
-3.3653,0.23527,-0.3056,0.3787,0.24858
-3.3645,0.2368,-0.3056,0.3787,0.2501
-3.3638,0.23832,-0.3056,0.3787,0.25163
-3.3632,0.23985,-0.3056,0.3787,0.25315
-3.3624,0.24137,-0.3056,0.3787,0.25468
-3.3616,0.2429,-0.3056,0.3787,0.2562
-3.3609,0.24442,-0.3056,0.3787,0.25773
-3.3604,0.24595,-0.3056,0.3787,0.25925
-3.3598,0.24747,-0.3056,0.3787,0.26077
-3.3591,0.249,-0.3056,0.3787,0.2623
-3.3583,0.25052,-0.3056,0.3787,0.26382
-3.3575,0.25205,-0.3056,0.3787,0.26535
-3.3566,0.25357,-0.3056,0.3787,0.26687
-3.3559,0.2551,-0.3056,0.3787,0.2684
-3.3552,0.25662,-0.3056,0.3787,0.26992
-3.3543,0.25815,-0.3056,0.3787,0.27145
-3.3536,0.25967,-0.3056,0.3787,0.27297
-3.353,0.2612,-0.3056,0.3787,0.2745
-3.3522,0.26272,-0.3056,0.3787,0.27602
-3.3514,0.26425,-0.3056,0.3787,0.27755
-3.3506,0.26577,-0.3056,0.3787,0.27907
-3.3498,0.2673,-0.3056,0.3787,0.2806
-3.349,0.26882,-0.3056,0.3787,0.28212
-3.3482,0.27035,-0.3056,0.3787,0.28365
-3.3472,0.27187,-0.3056,0.3787,0.28517
-3.3463,0.2734,-0.3056,0.3787,0.2867
-3.3454,0.27492,-0.3056,0.3787,0.28822
-3.3446,0.27645,-0.3056,0.3787,0.28975
-3.3436,0.27797,-0.3056,0.3787,0.29127
-3.3425,0.2795,-0.3056,0.3787,0.2928
-3.3416,0.28102,-0.3056,0.3787,0.29432
-3.3405,0.28255,-0.3056,0.3787,0.29585
-3.3394,0.28407,-0.3056,0.3787,0.29737
-3.3384,0.2856,-0.3056,0.3787,0.2989
-3.3373,0.28712,-0.3056,0.3787,0.30042
-3.3362,0.28865,-0.3056,0.3787,0.30195
-3.3351,0.29017,-0.3056,0.3787,0.30347
-3.334,0.2917,-0.3056,0.3787,0.305
-3.3327,0.29322,-0.3056,0.3787,0.30652
-3.3315,0.29475,-0.3056,0.3787,0.30805
-3.3302,0.29627,-0.3056,0.3787,0.30957
-3.3292,0.2978,-0.3056,0.3787,0.3111
-3.3281,0.29932,-0.3056,0.3787,0.31262
-3.3267,0.30085,-0.3056,0.3787,0.31415
-3.3253,0.30237,-0.3056,0.3787,0.31567
-3.3239,0.3039,-0.3056,0.3787,0.3172
-3.3224,0.30542,-0.3056,0.3787,0.31872
-3.321,0.30695,-0.3056,0.3787,0.32025
-3.3194,0.30847,-0.3056,0.3787,0.32177
-3.3179,0.31,-0.3056,0.3787,0.3233
-3.3163,0.31152,-0.3056,0.3787,0.32482
-3.3147,0.31305,-0.3056,0.3787,0.32635
-3.313,0.31457,-0.3056,0.3787,0.32787
-3.3113,0.3161,-0.3056,0.3787,0.3294
-3.3095,0.31762,-0.3056,0.3787,0.33092
-3.3075,0.31915,-0.3056,0.3787,0.33245
-3.3056,0.32067,-0.3056,0.3787,0.33397
-3.3038,0.3222,-0.3056,0.3787,0.3355
-3.3019,0.32372,-0.3056,0.3787,0.33702
-3.2998,0.32525,-0.3056,0.3787,0.33855
-3.2977,0.32677,-0.3056,0.3787,0.34007
-3.2956,0.3283,-0.3056,0.3787,0.3416
-3.2934,0.32982,-0.3056,0.3787,0.34312
-3.2911,0.33135,-0.3056,0.3787,0.34465
-3.2887,0.33287,-0.3056,0.3787,0.34617
-3.2863,0.3344,-0.3056,0.3787,0.3477
-3.2838,0.33592,-0.3056,0.3787,0.34923
-3.2812,0.33745,-0.3056,0.3787,0.35075
-3.2785,0.33897,-0.3056,0.3787,0.35228
-3.2758,0.3405,-0.3056,0.3787,0.3538
-3.2729,0.34202,-0.3056,0.3787,0.35533
-3.2699,0.34355,-0.3056,0.3787,0.35685
-3.2668,0.34507,-0.3056,0.3787,0.35838
-3.264,0.3466,-0.3056,0.3787,0.3599
-3.2611,0.34812,-0.3056,0.3787,0.36143
-3.2579,0.34965,-0.3056,0.3787,0.36295
-3.2545,0.35117,-0.3056,0.3787,0.36448
-3.2511,0.3527,-0.3056,0.3787,0.366
-3.2477,0.35422,-0.3056,0.3787,0.36753
-3.2441,0.35575,-0.3056,0.3787,0.36905
-3.2404,0.35727,-0.3056,0.3787,0.37058
-3.2364,0.3588,-0.3056,0.3787,0.3721
-3.2325,0.36032,-0.3056,0.3787,0.37363
-3.2285,0.36185,-0.3056,0.3787,0.37515
-3.2244,0.36337,-0.3056,0.3787,0.37668
-3.2201,0.3649,-0.3056,0.3787,0.3782
-3.2156,0.36642,-0.3056,0.3787,0.37973
-3.2109,0.36795,-0.3056,0.3787,0.38125
-3.2063,0.36947,-0.3056,0.3787,0.38278
-3.2016,0.371,-0.3056,0.3787,0.3843
-3.1968,0.37252,-0.3056,0.3787,0.38583
-3.1915,0.37405,-0.3056,0.3787,0.38735
-3.1861,0.37557,-0.3056,0.3787,0.38888
-3.1807,0.3771,-0.3056,0.3787,0.3904
-3.1752,0.37862,-0.3056,0.3787,0.39193
-3.1696,0.38015,-0.3056,0.3787,0.39345
-3.1637,0.38167,-0.3056,0.3787,0.39498
-3.1575,0.3832,-0.3056,0.3787,0.3965
-3.1511,0.38472,-0.3056,0.3787,0.39803
-3.1446,0.38625,-0.3056,0.3787,0.39955
-3.1378,0.38777,-0.3056,0.3787,0.40108
-3.1307,0.3893,-0.3056,0.3787,0.4026
-3.1234,0.39082,-0.3056,0.3787,0.40413
-3.1161,0.39235,-0.3056,0.3787,0.40565
-3.1086,0.39387,-0.3056,0.3787,0.40718
-3.1007,0.3954,-0.3056,0.3787,0.4087
-3.0926,0.39692,-0.3056,0.3787,0.41023
-3.0843,0.39845,-0.3056,0.3787,0.41175
-3.0757,0.39997,-0.3056,0.3787,0.41328
-3.0667,0.4015,-0.3056,0.3787,0.4148
-3.0574,0.40302,-0.3056,0.3787,0.41633
-3.0478,0.40455,-0.3056,0.3787,0.41785
-3.038,0.40607,-0.3056,0.3787,0.41938
-3.0277,0.4076,-0.3056,0.3787,0.4209
-3.0172,0.40912,-0.3056,0.3787,0.42243
-3.0063,0.41065,-0.3056,0.3787,0.42395
-2.9951,0.41217,-0.3056,0.3787,0.42548
-2.9835,0.4137,-0.3056,0.3787,0.427
-2.9715,0.41522,-0.3056,0.3787,0.42853
-2.9592,0.41675,-0.3056,0.3787,0.43005
-2.9464,0.41827,-0.3056,0.3787,0.43158
-2.9331,0.4198,-0.3056,0.3787,0.4331
-2.9193,0.42132,-0.3056,0.3787,0.43462
-2.9051,0.42285,-0.3056,0.3787,0.43615
-2.8904,0.42437,-0.3056,0.3787,0.43767
-2.8751,0.4259,-0.3056,0.3787,0.4392
-2.8593,0.42742,-0.3056,0.3787,0.44072
-2.8429,0.42895,-0.3056,0.3787,0.44225
-2.826,0.43047,-0.3056,0.3787,0.44377
-2.8083,0.432,-0.3056,0.3787,0.4453
-2.7901,0.43352,-0.3056,0.3787,0.44682
-2.7712,0.43505,-0.3056,0.3787,0.44835
-2.7517,0.43657,-0.3056,0.3787,0.44987
-2.7313,0.4381,-0.3056,0.3787,0.4514
-2.7103,0.43962,-0.3056,0.3787,0.45292
-2.6884,0.44115,-0.3056,0.3787,0.45445
-2.6656,0.44267,-0.3056,0.3787,0.45597
-2.6418,0.4442,-0.3056,0.3787,0.4575
-2.6174,0.44572,-0.3056,0.3787,0.45902
-2.5915,0.44725,-0.3056,0.3787,0.46055
-2.5651,0.44877,-0.3056,0.3787,0.46207
-2.5373,0.4503,-0.3056,0.3787,0.4636
-2.5088,0.45182,-0.3056,0.3787,0.46512
-2.4782,0.45335,-0.3056,0.3787,0.46665
-2.4472,0.45487,-0.3056,0.3787,0.46817
-2.4155,0.4564,-0.3056,0.3787,0.4697
-2.3799,0.45792,-0.3056,0.3787,0.47122
-2.3439,0.45945,-0.3056,0.3787,0.47275
-2.3071,0.46097,-0.3056,0.3787,0.47427
-2.2686,0.4625,-0.3056,0.3787,0.4758
-2.2282,0.46402,-0.3056,0.3787,0.47732
-2.1864,0.46555,-0.3056,0.3787,0.47885
-2.1434,0.46707,-0.3056,0.3787,0.48037
-2.0994,0.4686,-0.3056,0.3787,0.4819
-2.0543,0.47012,-0.3056,0.3787,0.48342
-2.0087,0.47165,-0.3056,0.3787,0.48495
-1.9632,0.47317,-0.3056,0.3787,0.48648
-1.9171,0.4747,-0.3056,0.3787,0.488
-1.8706,0.47622,-0.3056,0.3787,0.48953
-1.8263,0.47775,-0.3056,0.3787,0.49105
-1.7837,0.47928,-0.3056,0.3787,0.49258
-1.7446,0.48081,-0.3056,0.3787,0.49411
-1.7116,0.48236,-0.3056,0.3787,0.49566
-1.6769,0.48391,-0.3056,0.3787,0.49721
-1.9992,0.4854,-0.3056,0.3787,0.4987
-1.594,0.48649,-0.3056,0.3787,0.49979
-1.4804,0.4867,-0.3056,0.3787,0.5
-1.2458,0.48698,-0.30577,0.37894,0.5
-0.93093,0.48804,-0.30638,0.3798,0.5
-0.92799,0.48807,-0.30639,0.37982,0.5
-0.86256,0.48907,-0.30697,0.38064,0.5
-0.82441,0.4897,-0.30734,0.38115,0.5
-0.80382,0.49007,-0.30755,0.38145,0.5
-0.75792,0.49104,-0.30811,0.38225,0.5
-0.74737,0.49132,-0.30827,0.38248,0.5
-0.72391,0.492,-0.30866,0.38303,0.5
-0.69826,0.49292,-0.30919,0.38378,0.5
-0.6974,0.49295,-0.30921,0.38381,0.5
-0.6743,0.49391,-0.30976,0.38459,0.5
-0.66278,0.49451,-0.31011,0.38508,0.5
-0.65704,0.49486,-0.31031,0.38536,0.5
-0.64435,0.49581,-0.31086,0.38614,0.5
-0.64136,0.4961,-0.31103,0.38638,0.5
-0.63618,0.49676,-0.31141,0.38692,0.5
-0.63504,0.49769,-0.31195,0.38768,0.5
-0.63506,0.49771,-0.31196,0.3877,0.5
-0.64798,0.49867,-0.31251,0.38847,0.5
-0.65986,0.49928,-0.31287,0.38897,0.5
-0.66808,0.49962,-0.31306,0.38925,0.5
-0.70995,0.50057,-0.31361,0.39003,0.5
-0.71902,0.50087,-0.31378,0.39027,0.5
-0.74988,0.50152,-0.31416,0.39081,0.5
-0.79121,0.50246,-0.3147,0.39157,0.5
-0.7922,0.50248,-0.31471,0.39159,0.5
-0.85584,0.50343,-0.31526,0.39236,0.5
-0.89907,0.50405,-0.31562,0.39287,0.5
-0.923,0.50438,-0.31581,0.39314,0.5
-0.9979,0.50533,-0.31636,0.39392,0.5
-1.0226,0.50564,-0.31654,0.39417,0.5
-1.0746,0.50629,-0.31691,0.3947,0.5
-1.1457,0.50723,-0.31745,0.39546,0.5
-1.1466,0.50724,-0.31746,0.39547,0.5
-1.2018,0.50819,-0.31801,0.39625,0.5
-1.2254,0.50882,-0.31837,0.39676,0.5
-1.2333,0.50914,-0.31856,0.39703,0.5
-1.2261,0.5101,-0.31912,0.39781,0.5
-1.214,0.51042,-0.3193,0.39807,0.5
-1.1795,0.51108,-0.31968,0.39861,0.5
-1.1208,0.51207,-0.32025,0.39942,0.5
-1.1206,0.51207,-0.32025,0.39942,0.5
-1.1334,0.51308,-0.32083,0.40024,0.5
-1.1904,0.51369,-0.32118,0.40074,0.5
-1.1736,0.51401,-0.32137,0.401,0.5
-0.98063,0.51452,-0.32167,0.40142,0.5
-0.55928,0.51582,-0.32167,0.40142,0.49871
-0.50645,0.51731,-0.32167,0.40142,0.49721
-0.47169,0.51886,-0.32167,0.40142,0.49566
-0.45674,0.52041,-0.32167,0.40142,0.49411
-0.44251,0.52194,-0.32167,0.40142,0.49258
-0.43384,0.52347,-0.32167,0.40142,0.49105
-0.42585,0.525,-0.32167,0.40142,0.48953
-0.42032,0.52652,-0.32167,0.40142,0.488
-0.41581,0.52805,-0.32167,0.40142,0.48648
-0.41197,0.52957,-0.32167,0.40142,0.48495
-0.40855,0.5311,-0.32167,0.40142,0.48342
-0.40517,0.53262,-0.32167,0.40142,0.4819
-0.40192,0.53415,-0.32167,0.40142,0.48037
-0.39884,0.53567,-0.32167,0.40142,0.47885
-0.39571,0.5372,-0.32167,0.40142,0.47732
-0.39263,0.53872,-0.32167,0.40142,0.4758
-0.38957,0.54025,-0.32167,0.40142,0.47427
-0.38686,0.54177,-0.32167,0.40142,0.47275
-0.38357,0.5433,-0.32167,0.40142,0.47122
-0.38106,0.54482,-0.32167,0.40142,0.4697
-0.3784,0.54635,-0.32167,0.40142,0.46817
-0.37519,0.54787,-0.32167,0.40142,0.46665
-0.37262,0.5494,-0.32167,0.40142,0.46512
-0.36966,0.55092,-0.32167,0.40142,0.4636
-0.36687,0.55245,-0.32167,0.40142,0.46207
-0.364,0.55397,-0.32167,0.40142,0.46055
-0.36118,0.5555,-0.32167,0.40142,0.45902
-0.35823,0.55702,-0.32167,0.40142,0.4575
-0.35528,0.55855,-0.32167,0.40142,0.45597
-0.35232,0.56007,-0.32167,0.40142,0.45445
-0.34931,0.5616,-0.32167,0.40142,0.45292
-0.34631,0.56312,-0.32167,0.40142,0.4514
-0.34339,0.56465,-0.32167,0.40142,0.44987
-0.3405,0.56617,-0.32167,0.40142,0.44835
-0.33763,0.5677,-0.32167,0.40142,0.44682
-0.33479,0.56922,-0.32167,0.40142,0.4453
-0.33205,0.57075,-0.32167,0.40142,0.44377
-0.32931,0.57227,-0.32167,0.40142,0.44225
-0.32659,0.5738,-0.32167,0.40142,0.44072
-0.3239,0.57532,-0.32167,0.40142,0.4392
-0.32124,0.57685,-0.32167,0.40142,0.43767
-0.31865,0.57837,-0.32167,0.40142,0.43615
-0.31612,0.5799,-0.32167,0.40142,0.43462
-0.31364,0.58142,-0.32167,0.40142,0.4331
-0.31121,0.58295,-0.32167,0.40142,0.43158
-0.30881,0.58447,-0.32167,0.40142,0.43005
-0.30643,0.586,-0.32167,0.40142,0.42853
-0.30407,0.58752,-0.32167,0.40142,0.427
-0.30177,0.58905,-0.32167,0.40142,0.42548
-0.29956,0.59057,-0.32167,0.40142,0.42395
-0.29737,0.5921,-0.32167,0.40142,0.42243
-0.29524,0.59362,-0.32167,0.40142,0.4209
-0.29319,0.59515,-0.32167,0.40142,0.41938
-0.29119,0.59667,-0.32167,0.40142,0.41785
-0.28919,0.5982,-0.32167,0.40142,0.41633
-0.28721,0.59972,-0.32167,0.40142,0.4148
-0.28532,0.60125,-0.32167,0.40142,0.41328
-0.28349,0.60277,-0.32167,0.40142,0.41175
-0.28167,0.6043,-0.32167,0.40142,0.41023
-0.2799,0.60582,-0.32167,0.40142,0.4087
-0.27818,0.60735,-0.32167,0.40142,0.40718
-0.2765,0.60887,-0.32167,0.40142,0.40565
-0.27483,0.6104,-0.32167,0.40142,0.40413
-0.27318,0.61192,-0.32167,0.40142,0.4026
-0.27157,0.61345,-0.32167,0.40142,0.40108
-0.27013,0.61497,-0.32167,0.40142,0.39955
-0.26871,0.6165,-0.32167,0.40142,0.39803
-0.26727,0.61802,-0.32167,0.40142,0.3965
-0.26598,0.61955,-0.32167,0.40142,0.39498
-0.26456,0.62107,-0.32167,0.40142,0.39345
-0.26328,0.6226,-0.32167,0.40142,0.39193
-0.26211,0.62412,-0.32167,0.40142,0.3904
-0.26084,0.62565,-0.32167,0.40142,0.38888
-0.25966,0.62717,-0.32167,0.40142,0.38735
-0.25853,0.6287,-0.32167,0.40142,0.38583
-0.25743,0.63022,-0.32167,0.40142,0.3843
-0.25636,0.63175,-0.32167,0.40142,0.38278
-0.25536,0.63327,-0.32167,0.40142,0.38125
-0.2544,0.6348,-0.32167,0.40142,0.37973
-0.25345,0.63632,-0.32167,0.40142,0.3782
-0.25251,0.63785,-0.32167,0.40142,0.37668
-0.25162,0.63937,-0.32167,0.40142,0.37515
-0.25074,0.6409,-0.32167,0.40142,0.37363
-0.24992,0.64242,-0.32167,0.40142,0.3721
-0.24914,0.64395,-0.32167,0.40142,0.37058
-0.24839,0.64547,-0.32167,0.40142,0.36905
-0.24764,0.647,-0.32167,0.40142,0.36753
-0.24683,0.64852,-0.32167,0.40142,0.366
-0.24608,0.65005,-0.32167,0.40142,0.36448
-0.24543,0.65157,-0.32167,0.40142,0.36295
-0.24485,0.6531,-0.32167,0.40142,0.36143
-0.24429,0.65462,-0.32167,0.40142,0.3599
-0.2437,0.65615,-0.32167,0.40142,0.35838
-0.24315,0.65767,-0.32167,0.40142,0.35685
-0.24267,0.6592,-0.32167,0.40142,0.35533
-0.24225,0.66072,-0.32167,0.40142,0.3538
-0.2418,0.66225,-0.32167,0.40142,0.35228
-0.24133,0.66377,-0.32167,0.40142,0.35075
-0.24095,0.6653,-0.32167,0.40142,0.34923
-0.24058,0.66682,-0.32167,0.40142,0.3477
-0.24018,0.66835,-0.32167,0.40142,0.34617
-0.2398,0.66987,-0.32167,0.40142,0.34465
-0.23949,0.6714,-0.32167,0.40142,0.34312
-0.23921,0.67292,-0.32167,0.40142,0.3416
-0.23889,0.67445,-0.32167,0.40142,0.34007
-0.2386,0.67597,-0.32167,0.40142,0.33855
-0.23835,0.6775,-0.32167,0.40142,0.33702
-0.23811,0.67902,-0.32167,0.40142,0.3355
-0.23791,0.68055,-0.32167,0.40142,0.33397
-0.23772,0.68207,-0.32167,0.40142,0.33245
-0.23754,0.6836,-0.32167,0.40142,0.33092
-0.23733,0.68512,-0.32167,0.40142,0.3294
-0.23719,0.68665,-0.32167,0.40142,0.32787
-0.23709,0.68817,-0.32167,0.40142,0.32635
-0.23696,0.6897,-0.32167,0.40142,0.32482
-0.23687,0.69122,-0.32167,0.40142,0.3233
-0.2368,0.69275,-0.32167,0.40142,0.32177
-0.23674,0.69427,-0.32167,0.40142,0.32025
-0.23671,0.6958,-0.32167,0.40142,0.31872
-0.23671,0.69732,-0.32167,0.40142,0.3172
-0.23668,0.69885,-0.32167,0.40142,0.31567
-0.23662,0.70037,-0.32167,0.40142,0.31415
-0.2366,0.7019,-0.32167,0.40142,0.31262
-0.2366,0.70342,-0.32167,0.40142,0.3111
-0.23663,0.70495,-0.32167,0.40142,0.30957
-0.2367,0.70647,-0.32167,0.40142,0.30805
-0.23676,0.708,-0.32167,0.40142,0.30652
-0.23685,0.70952,-0.32167,0.40142,0.305
-0.23698,0.71105,-0.32167,0.40142,0.30347
-0.23711,0.71257,-0.32167,0.40142,0.30195
-0.23724,0.7141,-0.32167,0.40142,0.30042
-0.23736,0.71562,-0.32167,0.40142,0.2989
-0.23747,0.71715,-0.32167,0.40142,0.29737
-0.23761,0.71867,-0.32167,0.40142,0.29585
-0.23779,0.7202,-0.32167,0.40142,0.29432
-0.23798,0.72172,-0.32167,0.40142,0.2928
-0.23809,0.72325,-0.32167,0.40142,0.29127
-0.23827,0.72477,-0.32167,0.40142,0.28975
-0.2385,0.7263,-0.32167,0.40142,0.28822
-0.23873,0.72782,-0.32167,0.40142,0.2867
-0.23896,0.72935,-0.32167,0.40142,0.28517
-0.23915,0.73087,-0.32167,0.40142,0.28365
-0.23935,0.7324,-0.32167,0.40142,0.28212
-0.23957,0.73392,-0.32167,0.40142,0.2806
-0.23984,0.73545,-0.32167,0.40142,0.27907
-0.24013,0.73697,-0.32167,0.40142,0.27755
-0.24039,0.7385,-0.32167,0.40142,0.27602
-0.24066,0.74002,-0.32167,0.40142,0.2745
-0.24094,0.74155,-0.32167,0.40142,0.27297
-0.24126,0.74307,-0.32167,0.40142,0.27145
-0.24161,0.7446,-0.32167,0.40142,0.26992
-0.24192,0.74612,-0.32167,0.40142,0.2684
-0.24221,0.74765,-0.32167,0.40142,0.26687
-0.24252,0.74917,-0.32167,0.40142,0.26535
-0.24287,0.7507,-0.32167,0.40142,0.26382
-0.24321,0.75222,-0.32167,0.40142,0.2623
-0.24358,0.75375,-0.32167,0.40142,0.26077
-0.24396,0.75527,-0.32167,0.40142,0.25925
-0.24431,0.7568,-0.32167,0.40142,0.25773
-0.24466,0.75832,-0.32167,0.40142,0.2562
-0.24505,0.75985,-0.32167,0.40142,0.25468
-0.24541,0.76137,-0.32167,0.40142,0.25315
-0.24576,0.7629,-0.32167,0.40142,0.25163
-0.24617,0.76442,-0.32167,0.40142,0.2501
-0.24661,0.76595,-0.32167,0.40142,0.24858
-0.24704,0.76747,-0.32167,0.40142,0.24705
-0.24746,0.769,-0.32167,0.40142,0.24553
-0.24788,0.77052,-0.32167,0.40142,0.244
-0.24831,0.77205,-0.32167,0.40142,0.24248
-0.24873,0.77357,-0.32167,0.40142,0.24095
-0.24915,0.7751,-0.32167,0.40142,0.23943
-0.24961,0.77662,-0.32167,0.40142,0.2379
-0.25008,0.77815,-0.32167,0.40142,0.23638
-0.25056,0.77967,-0.32167,0.40142,0.23485
-0.25101,0.7812,-0.32167,0.40142,0.23333
-0.25143,0.78272,-0.32167,0.40142,0.2318
-0.25191,0.78425,-0.32167,0.40142,0.23028
-0.25247,0.78577,-0.32167,0.40142,0.22875
-0.25289,0.7873,-0.32167,0.40142,0.22723
-0.25339,0.78882,-0.32167,0.40142,0.2257
-0.25403,0.79035,-0.32167,0.40142,0.22418
-0.25456,0.79187,-0.32167,0.40142,0.22265
-0.25511,0.7934,-0.32167,0.40142,0.22113
-0.25565,0.79492,-0.32167,0.40142,0.2196
-0.25615,0.79645,-0.32167,0.40142,0.21808
-0.25668,0.79797,-0.32167,0.40142,0.21655
-0.25723,0.7995,-0.32167,0.40142,0.21502
-0.25778,0.80102,-0.32167,0.40142,0.2135
-0.25835,0.80255,-0.32167,0.40142,0.21197
-0.25895,0.80407,-0.32167,0.40142,0.21045
-0.25953,0.8056,-0.32167,0.40142,0.20892
-0.26011,0.80712,-0.32167,0.40142,0.2074
-0.26071,0.80865,-0.32167,0.40142,0.20587
-0.26131,0.81017,-0.32167,0.40142,0.20435
-0.26189,0.8117,-0.32167,0.40142,0.20282
-0.26251,0.81322,-0.32167,0.40142,0.2013
-0.26313,0.81475,-0.32167,0.40142,0.19977
-0.26377,0.81627,-0.32167,0.40142,0.19825
-0.26442,0.8178,-0.32167,0.40142,0.19672
-0.26508,0.81932,-0.32167,0.40142,0.1952
-0.26574,0.82085,-0.32167,0.40142,0.19367
-0.26635,0.82237,-0.32167,0.40142,0.19215
-0.26698,0.8239,-0.32167,0.40142,0.19062
-0.26764,0.82542,-0.32167,0.40142,0.1891
-0.26833,0.82695,-0.32167,0.40142,0.18757
-0.26903,0.82847,-0.32167,0.40142,0.18605
-0.26969,0.83,-0.32167,0.40142,0.18452
-0.27039,0.83152,-0.32167,0.40142,0.183
-0.27111,0.83305,-0.32167,0.40142,0.18147
-0.27181,0.83457,-0.32167,0.40142,0.17995
-0.27252,0.8361,-0.32167,0.40142,0.17842
-0.27326,0.83762,-0.32167,0.40142,0.1769
-0.27402,0.83915,-0.32167,0.40142,0.17537
-0.27478,0.84067,-0.32167,0.40142,0.17385
-0.27557,0.8422,-0.32167,0.40142,0.17233
-0.27638,0.84372,-0.32167,0.40142,0.1708
-0.27717,0.84525,-0.32167,0.40142,0.16928
-0.27796,0.84677,-0.32167,0.40142,0.16775
-0.27878,0.8483,-0.32167,0.40142,0.16623
-0.27961,0.84982,-0.32167,0.40142,0.1647
-0.28045,0.85135,-0.32167,0.40142,0.16318
-0.28131,0.85287,-0.32167,0.40142,0.16165
-0.28216,0.8544,-0.32167,0.40142,0.16013
-0.28305,0.85592,-0.32167,0.40142,0.1586
-0.28398,0.85745,-0.32167,0.40142,0.15708
-0.28487,0.85897,-0.32167,0.40142,0.15555
-0.28575,0.8605,-0.32167,0.40142,0.15403
-0.28667,0.86202,-0.32167,0.40142,0.1525
-0.28764,0.86355,-0.32167,0.40142,0.15098
-0.28862,0.86507,-0.32167,0.40142,0.14945
-0.2896,0.8666,-0.32167,0.40142,0.14793
-0.29061,0.86812,-0.32167,0.40142,0.1464
-0.2916,0.86965,-0.32167,0.40142,0.14488
-0.29255,0.87117,-0.32167,0.40142,0.14335
-0.29365,0.8727,-0.32167,0.40142,0.14183
-0.29459,0.87422,-0.32167,0.40142,0.1403
-0.29566,0.87575,-0.32167,0.40142,0.13878
-0.29689,0.87727,-0.32167,0.40142,0.13725
-0.29797,0.8788,-0.32167,0.40142,0.13573
-0.29907,0.88032,-0.32167,0.40142,0.1342
-0.3002,0.88185,-0.32167,0.40142,0.13268
-0.30137,0.88337,-0.32167,0.40142,0.13115
-0.30255,0.8849,-0.32167,0.40142,0.12962
-0.30377,0.88642,-0.32167,0.40142,0.1281
-0.30502,0.88795,-0.32167,0.40142,0.12657
-0.30628,0.88947,-0.32167,0.40142,0.12505
-0.30756,0.891,-0.32167,0.40142,0.12353
-0.30886,0.89252,-0.32167,0.40142,0.122
-0.31016,0.89405,-0.32167,0.40142,0.12048
-0.31145,0.89557,-0.32167,0.40142,0.11895
-0.31278,0.8971,-0.32167,0.40142,0.11743
-0.31414,0.89862,-0.32167,0.40142,0.1159
-0.31553,0.90015,-0.32167,0.40142,0.11438
-0.317,0.90167,-0.32167,0.40142,0.11285
-0.31843,0.9032,-0.32167,0.40142,0.11133
-0.31989,0.90472,-0.32167,0.40142,0.1098
-0.3214,0.90625,-0.32167,0.40142,0.10827
-0.32289,0.90777,-0.32167,0.40142,0.10675
-0.32442,0.9093,-0.32167,0.40142,0.10522
-0.32598,0.91082,-0.32167,0.40142,0.1037
-0.32755,0.91235,-0.32167,0.40142,0.10217
-0.3292,0.91387,-0.32167,0.40142,0.10065
-0.3309,0.9154,-0.32167,0.40142,0.099125
-0.33258,0.91692,-0.32167,0.40142,0.0976
-0.33431,0.91845,-0.32167,0.40142,0.096075
-0.33604,0.91997,-0.32167,0.40142,0.09455
-0.33779,0.9215,-0.32167,0.40142,0.093025
-0.33962,0.92302,-0.32167,0.40142,0.0915
-0.34149,0.92455,-0.32167,0.40142,0.089975
-0.34337,0.92607,-0.32167,0.40142,0.08845
-0.34527,0.9276,-0.32167,0.40142,0.086925
-0.34721,0.92912,-0.32167,0.40142,0.0854
-0.34914,0.93065,-0.32167,0.40142,0.083875
-0.35112,0.93217,-0.32167,0.40142,0.08235
-0.35315,0.9337,-0.32167,0.40142,0.080825
-0.35515,0.93522,-0.32167,0.40142,0.0793
-0.35712,0.93675,-0.32167,0.40142,0.077775
-0.3592,0.93827,-0.32167,0.40142,0.07625
-0.3614,0.9398,-0.32167,0.40142,0.074725
-0.36365,0.94132,-0.32167,0.40142,0.0732
-0.36582,0.94285,-0.32167,0.40142,0.071675
-0.36804,0.94437,-0.32167,0.40142,0.07015
-0.37031,0.9459,-0.32167,0.40142,0.068625
-0.37254,0.94742,-0.32167,0.40142,0.0671
-0.37473,0.94895,-0.32167,0.40142,0.065575
-0.37684,0.95047,-0.32167,0.40142,0.06405
-0.37907,0.952,-0.32167,0.40142,0.062525
-0.38144,0.95352,-0.32167,0.40142,0.061
-0.38372,0.95505,-0.32167,0.40142,0.059475
-0.38604,0.95657,-0.32167,0.40142,0.05795
-0.38832,0.9581,-0.32167,0.40142,0.056425
-0.39066,0.95962,-0.32167,0.40142,0.0549
-0.39309,0.96115,-0.32167,0.40142,0.053375
-0.39556,0.96267,-0.32167,0.40142,0.05185
-0.39815,0.9642,-0.32167,0.40142,0.050325
-0.40075,0.96572,-0.32167,0.40142,0.0488
-0.40332,0.96725,-0.32167,0.40142,0.047275
-0.40596,0.96877,-0.32167,0.40142,0.04575
-0.40866,0.9703,-0.32167,0.40142,0.044225
-0.41141,0.97182,-0.32167,0.40142,0.0427
-0.41417,0.97335,-0.32167,0.40142,0.041175
-0.41721,0.97487,-0.32167,0.40142,0.03965
-0.42025,0.9764,-0.32167,0.40142,0.038125
-0.42285,0.97792,-0.32167,0.40142,0.0366
-0.42532,0.97945,-0.32167,0.40142,0.035075
-0.42752,0.98097,-0.32167,0.40142,0.03355
-0.42976,0.9825,-0.32167,0.40142,0.032025
-0.43207,0.98402,-0.32167,0.40142,0.0305
-0.4343,0.98555,-0.32167,0.40142,0.028975
-0.43653,0.98707,-0.32167,0.40142,0.02745
-0.43869,0.9886,-0.32167,0.40142,0.025925
-0.44077,0.99012,-0.32167,0.40142,0.0244
-0.44265,0.99165,-0.32167,0.40142,0.022875
-0.44451,0.99317,-0.32167,0.40142,0.02135
-0.44645,0.9947,-0.32167,0.40142,0.019825
-0.44834,0.99622,-0.32167,0.40142,0.0183
-0.45022,0.99775,-0.32167,0.40142,0.016775
-0.45208,0.99927,-0.32167,0.40142,0.01525
-0.45395,1.0008,-0.32167,0.40142,0.013725
-0.45544,1.0023,-0.32167,0.40142,0.0122
-0.45649,1.0038,-0.32167,0.40142,0.010675
-0.45767,1.0054,-0.32167,0.40142,0.00915
-0.45861,1.0069,-0.32167,0.40142,0.007625
-0.4594,1.0084,-0.32167,0.40142,0.0061
-0.45976,1.0099,-0.32167,0.40142,0.004575
-0.45968,1.0115,-0.32167,0.40142,0.00305
-0.45951,1.013,-0.32167,0.40142,0.001525
-0.45921,1.0145,-0.32167,0.40142,-1.1914e-12
-0.45927,1.016,-0.32167,0.40142,-0.001525
-0.45957,1.0176,-0.32167,0.40142,-0.00305
-0.46029,1.0191,-0.32167,0.40142,-0.004575
-0.46073,1.0206,-0.32167,0.40142,-0.0061
-0.46076,1.0221,-0.32167,0.40142,-0.007625
-0.46028,1.0237,-0.32167,0.40142,-0.00915
-0.45979,1.0252,-0.32167,0.40142,-0.010675
-0.45911,1.0267,-0.32167,0.40142,-0.0122
-0.45793,1.0282,-0.32167,0.40142,-0.013725
-0.45666,1.0298,-0.32167,0.40142,-0.01525
-0.45523,1.0313,-0.32167,0.40142,-0.016775
-0.45386,1.0328,-0.32167,0.40142,-0.0183
-0.45239,1.0343,-0.32167,0.40142,-0.019825
-0.45089,1.0359,-0.32167,0.40142,-0.02135
-0.44937,1.0374,-0.32167,0.40142,-0.022875
-0.44781,1.0389,-0.32167,0.40142,-0.0244
-0.44612,1.0404,-0.32167,0.40142,-0.025925
-0.4443,1.042,-0.32167,0.40142,-0.02745
-0.44241,1.0435,-0.32167,0.40142,-0.028975
-0.44054,1.045,-0.32167,0.40142,-0.0305
-0.43864,1.0465,-0.32167,0.40142,-0.032025
-0.43664,1.0481,-0.32167,0.40142,-0.03355
-0.43469,1.0496,-0.32167,0.40142,-0.035075
-0.43255,1.0511,-0.32167,0.40142,-0.0366
-0.43018,1.0526,-0.32167,0.40142,-0.038125
-0.42739,1.0542,-0.32167,0.40142,-0.03965
-0.42446,1.0557,-0.32167,0.40142,-0.041175
-0.42172,1.0572,-0.32167,0.40142,-0.0427
-0.41896,1.0587,-0.32167,0.40142,-0.044225
-0.41622,1.0603,-0.32167,0.40142,-0.04575
-0.41361,1.0618,-0.32167,0.40142,-0.047275
-0.41121,1.0633,-0.32167,0.40142,-0.0488
-0.4088,1.0648,-0.32167,0.40142,-0.050325
-0.40624,1.0664,-0.32167,0.40142,-0.05185
-0.40375,1.0679,-0.32167,0.40142,-0.053375
-0.40131,1.0694,-0.32167,0.40142,-0.0549
-0.39892,1.0709,-0.32167,0.40142,-0.056425
-0.39659,1.0725,-0.32167,0.40142,-0.05795
-0.39431,1.074,-0.32167,0.40142,-0.059475
-0.39202,1.0755,-0.32167,0.40142,-0.061
-0.38965,1.077,-0.32167,0.40142,-0.062525
-0.38726,1.0786,-0.32167,0.40142,-0.06405
-0.3849,1.0801,-0.32167,0.40142,-0.065575
-0.38257,1.0816,-0.32167,0.40142,-0.0671
-0.38016,1.0831,-0.32167,0.40142,-0.068625
-0.37775,1.0847,-0.32167,0.40142,-0.07015
-0.37539,1.0862,-0.32167,0.40142,-0.071675
-0.37298,1.0877,-0.32167,0.40142,-0.0732
-0.37053,1.0892,-0.32167,0.40142,-0.074725
-0.36817,1.0908,-0.32167,0.40142,-0.07625
-0.36581,1.0923,-0.32167,0.40142,-0.077775
-0.36347,1.0938,-0.32167,0.40142,-0.0793
-0.36115,1.0953,-0.32167,0.40142,-0.080825
-0.35883,1.0969,-0.32167,0.40142,-0.08235
-0.35662,1.0984,-0.32167,0.40142,-0.083875
-0.35439,1.0999,-0.32167,0.40142,-0.0854
-0.35215,1.1014,-0.32167,0.40142,-0.086925
-0.34994,1.103,-0.32167,0.40142,-0.08845
-0.34776,1.1045,-0.32167,0.40142,-0.089975
-0.34564,1.106,-0.32167,0.40142,-0.0915
-0.34348,1.1075,-0.32167,0.40142,-0.093025
-0.34129,1.1091,-0.32167,0.40142,-0.09455
-0.33922,1.1106,-0.32167,0.40142,-0.096075
-0.3373,1.1121,-0.32167,0.40142,-0.0976
-0.3354,1.1136,-0.32167,0.40142,-0.099125
-0.33342,1.1152,-0.32167,0.40142,-0.10065
-0.33144,1.1167,-0.32167,0.40142,-0.10217
-0.32955,1.1182,-0.32167,0.40142,-0.1037
-0.3277,1.1197,-0.32167,0.40142,-0.10522
-0.32587,1.1213,-0.32167,0.40142,-0.10675
-0.32406,1.1228,-0.32167,0.40142,-0.10827
-0.32214,1.1243,-0.32167,0.40142,-0.1098
-0.32024,1.1258,-0.32167,0.40142,-0.11133
-0.3185,1.1274,-0.32167,0.40142,-0.11285
-0.31679,1.1289,-0.32167,0.40142,-0.11438
-0.31509,1.1304,-0.32167,0.40142,-0.1159
-0.31349,1.1319,-0.32167,0.40142,-0.11743
-0.31193,1.1335,-0.32167,0.40142,-0.11895
-0.31033,1.135,-0.32167,0.40142,-0.12048
-0.30873,1.1365,-0.32167,0.40142,-0.122
-0.30711,1.138,-0.32167,0.40142,-0.12353
-0.30558,1.1396,-0.32167,0.40142,-0.12505
-0.30409,1.1411,-0.32167,0.40142,-0.12657
-0.30253,1.1426,-0.32167,0.40142,-0.1281
-0.30094,1.1441,-0.32167,0.40142,-0.12962
-0.29945,1.1457,-0.32167,0.40142,-0.13115
-0.29809,1.1472,-0.32167,0.40142,-0.13268
-0.29679,1.1487,-0.32167,0.40142,-0.1342
-0.29546,1.1502,-0.32167,0.40142,-0.13573
-0.29403,1.1518,-0.32167,0.40142,-0.13725
-0.29242,1.1533,-0.32167,0.40142,-0.13878
-0.29111,1.1548,-0.32167,0.40142,-0.1403
-0.28999,1.1563,-0.32167,0.40142,-0.14183
-0.28865,1.1579,-0.32167,0.40142,-0.14335
-0.2874,1.1594,-0.32167,0.40142,-0.14488
-0.28615,1.1609,-0.32167,0.40142,-0.1464
-0.28489,1.1624,-0.32167,0.40142,-0.14793
-0.28366,1.164,-0.32167,0.40142,-0.14945
-0.28243,1.1655,-0.32167,0.40142,-0.15098
-0.28121,1.167,-0.32167,0.40142,-0.1525
-0.28004,1.1685,-0.32167,0.40142,-0.15403
-0.27893,1.1701,-0.32167,0.40142,-0.15555
-0.27781,1.1716,-0.32167,0.40142,-0.15708
-0.27671,1.1731,-0.32167,0.40142,-0.1586
-0.27563,1.1746,-0.32167,0.40142,-0.16013
-0.27456,1.1762,-0.32167,0.40142,-0.16165
-0.27349,1.1777,-0.32167,0.40142,-0.16318
-0.27245,1.1792,-0.32167,0.40142,-0.1647
-0.27144,1.1807,-0.32167,0.40142,-0.16623
-0.27044,1.1823,-0.32167,0.40142,-0.16775
-0.26946,1.1838,-0.32167,0.40142,-0.16928
-0.2685,1.1853,-0.32167,0.40142,-0.1708
-0.26753,1.1868,-0.32167,0.40142,-0.17233
-0.26653,1.1884,-0.32167,0.40142,-0.17385
-0.26561,1.1899,-0.32167,0.40142,-0.17537
-0.26478,1.1914,-0.32167,0.40142,-0.1769
-0.26396,1.1929,-0.32167,0.40142,-0.17842
-0.26311,1.1945,-0.32167,0.40142,-0.17995
-0.26222,1.196,-0.32167,0.40142,-0.18147
-0.26124,1.1975,-0.32167,0.40142,-0.183
-0.26021,1.199,-0.32167,0.40142,-0.18452
-0.25934,1.2006,-0.32167,0.40142,-0.18605
-0.25855,1.2021,-0.32167,0.40142,-0.18757
-0.25778,1.2036,-0.32167,0.40142,-0.1891
-0.25699,1.2051,-0.32167,0.40142,-0.19062
-0.25621,1.2067,-0.32167,0.40142,-0.19215
-0.25548,1.2082,-0.32167,0.40142,-0.19367
-0.2547,1.2097,-0.32167,0.40142,-0.1952
-0.2539,1.2112,-0.32167,0.40142,-0.19672
-0.25312,1.2128,-0.32167,0.40142,-0.19825
-0.25239,1.2143,-0.32167,0.40142,-0.19977
-0.25165,1.2158,-0.32167,0.40142,-0.2013
-0.25093,1.2173,-0.32167,0.40142,-0.20282
-0.25025,1.2189,-0.32167,0.40142,-0.20435
-0.24954,1.2204,-0.32167,0.40142,-0.20587
-0.24883,1.2219,-0.32167,0.40142,-0.2074
-0.24815,1.2234,-0.32167,0.40142,-0.20892
-0.24748,1.225,-0.32167,0.40142,-0.21045
-0.24682,1.2265,-0.32167,0.40142,-0.21197
-0.24616,1.228,-0.32167,0.40142,-0.2135
-0.24552,1.2295,-0.32167,0.40142,-0.21502
-0.24489,1.2311,-0.32167,0.40142,-0.21655
-0.2443,1.2326,-0.32167,0.40142,-0.21808
-0.24371,1.2341,-0.32167,0.40142,-0.2196
-0.24308,1.2356,-0.32167,0.40142,-0.22113
-0.24245,1.2372,-0.32167,0.40142,-0.22265
-0.24187,1.2387,-0.32167,0.40142,-0.22418
-0.2413,1.2402,-0.32167,0.40142,-0.2257
-0.24073,1.2417,-0.32167,0.40142,-0.22723
-0.24016,1.2433,-0.32167,0.40142,-0.22875
-0.2396,1.2448,-0.32167,0.40142,-0.23028
-0.23908,1.2463,-0.32167,0.40142,-0.2318
-0.23856,1.2478,-0.32167,0.40142,-0.23333
-0.23803,1.2494,-0.32167,0.40142,-0.23485
-0.2375,1.2509,-0.32167,0.40142,-0.23638
-0.23697,1.2524,-0.32167,0.40142,-0.2379
-0.23646,1.2539,-0.32167,0.40142,-0.23943
-0.236,1.2555,-0.32167,0.40142,-0.24095
-0.23555,1.257,-0.32167,0.40142,-0.24248
-0.23507,1.2585,-0.32167,0.40142,-0.244
-0.23458,1.26,-0.32167,0.40142,-0.24553
-0.23409,1.2616,-0.32167,0.40142,-0.24705
-0.23361,1.2631,-0.32167,0.40142,-0.24858
-0.23314,1.2646,-0.32167,0.40142,-0.2501
-0.23265,1.2661,-0.32167,0.40142,-0.25163
-0.23223,1.2677,-0.32167,0.40142,-0.25315
-0.2319,1.2692,-0.32167,0.40142,-0.25468
-0.23156,1.2707,-0.32167,0.40142,-0.2562
-0.23111,1.2722,-0.32167,0.40142,-0.25773
-0.23065,1.2738,-0.32167,0.40142,-0.25925
-0.23028,1.2753,-0.32167,0.40142,-0.26077
-0.22999,1.2768,-0.32167,0.40142,-0.2623
-0.22971,1.2783,-0.32167,0.40142,-0.26382
-0.22941,1.2799,-0.32167,0.40142,-0.26535
-0.22913,1.2814,-0.32167,0.40142,-0.26687
-0.22891,1.2829,-0.32167,0.40142,-0.2684
-0.22856,1.2844,-0.32167,0.40142,-0.26992
-0.22813,1.286,-0.32167,0.40142,-0.27145
-0.22776,1.2875,-0.32167,0.40142,-0.27297
-0.22741,1.289,-0.32167,0.40142,-0.2745
-0.22711,1.2905,-0.32167,0.40142,-0.27602
-0.22687,1.2921,-0.32167,0.40142,-0.27755
-0.22666,1.2936,-0.32167,0.40142,-0.27907
-0.22639,1.2951,-0.32167,0.40142,-0.2806
-0.22613,1.2966,-0.32167,0.40142,-0.28212
-0.22591,1.2982,-0.32167,0.40142,-0.28365
-0.2257,1.2997,-0.32167,0.40142,-0.28517
-0.2255,1.3012,-0.32167,0.40142,-0.2867
-0.22533,1.3027,-0.32167,0.40142,-0.28822
-0.22515,1.3043,-0.32167,0.40142,-0.28975
-0.22497,1.3058,-0.32167,0.40142,-0.29127
-0.22482,1.3073,-0.32167,0.40142,-0.2928
-0.22465,1.3088,-0.32167,0.40142,-0.29432
-0.22441,1.3104,-0.32167,0.40142,-0.29585
-0.2242,1.3119,-0.32167,0.40142,-0.29737
-0.22411,1.3134,-0.32167,0.40142,-0.2989
-0.22406,1.3149,-0.32167,0.40142,-0.30042
-0.22401,1.3165,-0.32167,0.40142,-0.30195
-0.22388,1.318,-0.32167,0.40142,-0.30347
-0.22376,1.3195,-0.32167,0.40142,-0.305
-0.22371,1.321,-0.32167,0.40142,-0.30652
-0.22366,1.3226,-0.32167,0.40142,-0.30805
-0.2236,1.3241,-0.32167,0.40142,-0.30957
-0.22356,1.3256,-0.32167,0.40142,-0.3111
-0.22356,1.3271,-0.32167,0.40142,-0.31262
-0.22357,1.3287,-0.32167,0.40142,-0.31415
-0.22362,1.3302,-0.32167,0.40142,-0.31567
-0.22369,1.3317,-0.32167,0.40142,-0.3172
-0.22376,1.3332,-0.32167,0.40142,-0.31872
-0.22384,1.3348,-0.32167,0.40142,-0.32025
-0.22394,1.3363,-0.32167,0.40142,-0.32177
-0.22403,1.3378,-0.32167,0.40142,-0.3233
-0.22416,1.3393,-0.32167,0.40142,-0.32482
-0.22433,1.3409,-0.32167,0.40142,-0.32635
-0.22449,1.3424,-0.32167,0.40142,-0.32787
-0.22468,1.3439,-0.32167,0.40142,-0.3294
-0.2249,1.3454,-0.32167,0.40142,-0.33092
-0.22514,1.347,-0.32167,0.40142,-0.33245
-0.22535,1.3485,-0.32167,0.40142,-0.33397
-0.22559,1.35,-0.32167,0.40142,-0.3355
-0.22586,1.3515,-0.32167,0.40142,-0.33702
-0.22616,1.3531,-0.32167,0.40142,-0.33855
-0.22649,1.3546,-0.32167,0.40142,-0.34007
-0.22684,1.3561,-0.32167,0.40142,-0.3416
-0.2272,1.3576,-0.32167,0.40142,-0.34312
-0.2276,1.3592,-0.32167,0.40142,-0.34465
-0.22803,1.3607,-0.32167,0.40142,-0.34617
-0.22861,1.3622,-0.32167,0.40142,-0.3477
-0.22896,1.3637,-0.32167,0.40142,-0.34923
-0.22935,1.3653,-0.32167,0.40142,-0.35075
-0.22992,1.3668,-0.32167,0.40142,-0.35228
-0.23037,1.3683,-0.32167,0.40142,-0.3538
-0.23092,1.3698,-0.32167,0.40142,-0.35533
-0.23148,1.3714,-0.32167,0.40142,-0.35685
-0.23205,1.3729,-0.32167,0.40142,-0.35838
-0.23268,1.3744,-0.32167,0.40142,-0.3599
-0.23334,1.3759,-0.32167,0.40142,-0.36143
-0.23402,1.3775,-0.32167,0.40142,-0.36295
-0.23474,1.379,-0.32167,0.40142,-0.36448
-0.2355,1.3805,-0.32167,0.40142,-0.366
-0.23628,1.382,-0.32167,0.40142,-0.36753
-0.23706,1.3836,-0.32167,0.40142,-0.36905
-0.2379,1.3851,-0.32167,0.40142,-0.37058
-0.23876,1.3866,-0.32167,0.40142,-0.3721
-0.23965,1.3881,-0.32167,0.40142,-0.37363
-0.2406,1.3897,-0.32167,0.40142,-0.37515
-0.24152,1.3912,-0.32167,0.40142,-0.37668
-0.24252,1.3927,-0.32167,0.40142,-0.3782
-0.24357,1.3942,-0.32167,0.40142,-0.37973
-0.24462,1.3958,-0.32167,0.40142,-0.38125
-0.2457,1.3973,-0.32167,0.40142,-0.38278
-0.24685,1.3988,-0.32167,0.40142,-0.3843
-0.24805,1.4003,-0.32167,0.40142,-0.38583
-0.24928,1.4019,-0.32167,0.40142,-0.38735
-0.25056,1.4034,-0.32167,0.40142,-0.38888
-0.25188,1.4049,-0.32167,0.40142,-0.3904
-0.25313,1.4064,-0.32167,0.40142,-0.39193
-0.25448,1.408,-0.32167,0.40142,-0.39345
-0.25591,1.4095,-0.32167,0.40142,-0.39498
-0.25729,1.411,-0.32167,0.40142,-0.3965
-0.25878,1.4125,-0.32167,0.40142,-0.39803
-0.26038,1.4141,-0.32167,0.40142,-0.39955
-0.26204,1.4156,-0.32167,0.40142,-0.40108
-0.26371,1.4171,-0.32167,0.40142,-0.4026
-0.26541,1.4186,-0.32167,0.40142,-0.40413
-0.26708,1.4202,-0.32167,0.40142,-0.40565
-0.26881,1.4217,-0.32167,0.40142,-0.40718
-0.27078,1.4232,-0.32167,0.40142,-0.4087
-0.2728,1.4247,-0.32167,0.40142,-0.41023
-0.27466,1.4263,-0.32167,0.40142,-0.41175
-0.27648,1.4278,-0.32167,0.40142,-0.41328
-0.27842,1.4293,-0.32167,0.40142,-0.4148
-0.28044,1.4308,-0.32167,0.40142,-0.41633
-0.28249,1.4324,-0.32167,0.40142,-0.41785
-0.28464,1.4339,-0.32167,0.40142,-0.41938
-0.28688,1.4354,-0.32167,0.40142,-0.4209
-0.28912,1.4369,-0.32167,0.40142,-0.42243
-0.29144,1.4385,-0.32167,0.40142,-0.42395
-0.29379,1.44,-0.32167,0.40142,-0.42548
-0.29621,1.4415,-0.32167,0.40142,-0.427
-0.29869,1.443,-0.32167,0.40142,-0.42853
-0.3012,1.4446,-0.32167,0.40142,-0.43005
-0.30372,1.4461,-0.32167,0.40142,-0.43158
-0.30626,1.4476,-0.32167,0.40142,-0.4331
-0.30883,1.4491,-0.32167,0.40142,-0.43462
-0.31149,1.4507,-0.32167,0.40142,-0.43615
-0.31423,1.4522,-0.32167,0.40142,-0.43767
-0.31706,1.4537,-0.32167,0.40142,-0.4392
-0.31989,1.4552,-0.32167,0.40142,-0.44072
-0.32272,1.4568,-0.32167,0.40142,-0.44225
-0.32561,1.4583,-0.32167,0.40142,-0.44377
-0.32853,1.4598,-0.32167,0.40142,-0.4453
-0.33152,1.4613,-0.32167,0.40142,-0.44682
-0.33459,1.4629,-0.32167,0.40142,-0.44835
-0.33765,1.4644,-0.32167,0.40142,-0.44987
-0.34076,1.4659,-0.32167,0.40142,-0.4514
-0.34396,1.4674,-0.32167,0.40142,-0.45292
-0.34713,1.469,-0.32167,0.40142,-0.45445
-0.35025,1.4705,-0.32167,0.40142,-0.45597
-0.35334,1.472,-0.32167,0.40142,-0.4575
-0.35643,1.4735,-0.32167,0.40142,-0.45902
-0.3595,1.4751,-0.32167,0.40142,-0.46055
-0.36266,1.4766,-0.32167,0.40142,-0.46207
-0.36565,1.4781,-0.32167,0.40142,-0.4636
-0.36885,1.4796,-0.32167,0.40142,-0.46512
-0.37169,1.4812,-0.32167,0.40142,-0.46665
-0.37516,1.4827,-0.32167,0.40142,-0.46817
-0.37809,1.4842,-0.32167,0.40142,-0.4697
-0.38088,1.4857,-0.32167,0.40142,-0.47122
-0.38446,1.4873,-0.32167,0.40142,-0.47275
-0.38741,1.4888,-0.32167,0.40142,-0.47427
-0.39076,1.4903,-0.32167,0.40142,-0.4758
-0.3941,1.4918,-0.32167,0.40142,-0.47732
-0.39759,1.4934,-0.32167,0.40142,-0.47885
-0.40112,1.4949,-0.32167,0.40142,-0.48037
-0.40477,1.4964,-0.32167,0.40142,-0.4819
-0.40855,1.4979,-0.32167,0.40142,-0.48342
-0.41236,1.4995,-0.32167,0.40142,-0.48495
-0.41664,1.501,-0.32167,0.40142,-0.48648
-0.42165,1.5025,-0.32167,0.40142,-0.488
-0.42775,1.504,-0.32167,0.40142,-0.48953
-0.43644,1.5056,-0.32167,0.40142,-0.49105
-0.44595,1.5071,-0.32167,0.40142,-0.49258
-0.46121,1.5086,-0.32167,0.40142,-0.49411
-0.47727,1.5102,-0.32167,0.40142,-0.49566
-0.51385,1.5117,-0.32167,0.40142,-0.49721
-0.56978,1.5132,-0.32167,0.40142,-0.49871
-1.0046,1.5145,-0.32167,0.40142,-0.5
-1.203,1.515,-0.32137,0.401,-0.5
-1.2204,1.5154,-0.32118,0.40074,-0.5
-1.1625,1.516,-0.32083,0.40024,-0.5
-1.1501,1.517,-0.32025,0.39942,-0.5
-1.1503,1.517,-0.32025,0.39942,-0.5
-1.2105,1.518,-0.31968,0.39861,-0.5
-1.2459,1.5186,-0.3193,0.39807,-0.5
-1.2584,1.5189,-0.31912,0.39781,-0.5
-1.2666,1.5199,-0.31856,0.39703,-0.5
-1.2588,1.5202,-0.31837,0.39676,-0.5
-1.2352,1.5209,-0.31801,0.39625,-0.5
-1.1795,1.5218,-0.31746,0.39547,-0.5
-1.1786,1.5218,-0.31745,0.39546,-0.5
-1.1063,1.5228,-0.31691,0.3947,-0.5
-1.0533,1.5234,-0.31654,0.39417,-0.5
-1.0281,1.5237,-0.31636,0.39392,-0.5
-0.95151,1.5247,-0.31581,0.39314,-0.5
-0.92699,1.525,-0.31562,0.39287,-0.5
-0.88264,1.5256,-0.31526,0.39236,-0.5
-0.81735,1.5266,-0.31471,0.39159,-0.5
-0.81632,1.5266,-0.3147,0.39157,-0.5
-0.77342,1.5275,-0.31416,0.39081,-0.5
-0.74157,1.5282,-0.31378,0.39027,-0.5
-0.73207,1.5285,-0.31361,0.39003,-0.5
-0.68885,1.5294,-0.31306,0.38925,-0.5
-0.68025,1.5298,-0.31287,0.38897,-0.5
-0.66776,1.5304,-0.31251,0.38847,-0.5
-0.65404,1.5313,-0.31196,0.3877,-0.5
-0.654,1.5314,-0.31195,0.38768,-0.5
-0.65458,1.5323,-0.31141,0.38692,-0.5
-0.65945,1.5329,-0.31103,0.38638,-0.5
-0.66233,1.5332,-0.31086,0.38614,-0.5
-0.67475,1.5342,-0.31031,0.38536,-0.5
-0.68044,1.5345,-0.31011,0.38508,-0.5
-0.6919,1.5351,-0.30976,0.38459,-0.5
-0.71501,1.5361,-0.30921,0.38381,-0.5
-0.71587,1.5361,-0.30919,0.38378,-0.5
-0.74161,1.537,-0.30866,0.38303,-0.5
-0.76525,1.5377,-0.30827,0.38248,-0.5
-0.77588,1.538,-0.30811,0.38225,-0.5
-0.82228,1.539,-0.30755,0.38145,-0.5
-0.84315,1.5393,-0.30734,0.38115,-0.5
-0.88182,1.54,-0.30697,0.38064,-0.5
-0.94919,1.541,-0.30639,0.37982,-0.5
-0.95225,1.541,-0.30638,0.3798,-0.5
-1.2767,1.5421,-0.30577,0.37894,-0.5
-1.5178,1.5423,-0.3056,0.3787,-0.5
-1.634,1.5426,-0.3056,0.3787,-0.49979
-2.0466,1.5436,-0.3056,0.3787,-0.4987
-1.7116,1.5451,-0.3056,0.3787,-0.49721
-1.744,1.5467,-0.3056,0.3787,-0.49566
-1.7751,1.5482,-0.3056,0.3787,-0.49411
-1.8129,1.5498,-0.3056,0.3787,-0.49258
-1.8546,1.5513,-0.3056,0.3787,-0.49105
-1.8981,1.5528,-0.3056,0.3787,-0.48953
-1.9439,1.5543,-0.3056,0.3787,-0.488
-1.9897,1.5559,-0.3056,0.3787,-0.48648
-2.035,1.5574,-0.3056,0.3787,-0.48495
-2.0804,1.5589,-0.3056,0.3787,-0.48342
-2.1254,1.5604,-0.3056,0.3787,-0.4819
-2.1694,1.562,-0.3056,0.3787,-0.48037
-2.2125,1.5635,-0.3056,0.3787,-0.47885
-2.2545,1.565,-0.3056,0.3787,-0.47732
-2.295,1.5665,-0.3056,0.3787,-0.4758
-2.3337,1.5681,-0.3056,0.3787,-0.47427
-2.3707,1.5696,-0.3056,0.3787,-0.47275
-2.4068,1.5711,-0.3056,0.3787,-0.47122
-2.4427,1.5726,-0.3056,0.3787,-0.4697
-2.4747,1.5742,-0.3056,0.3787,-0.46817
-2.5059,1.5757,-0.3056,0.3787,-0.46665
-2.5367,1.5772,-0.3056,0.3787,-0.46512
-2.5655,1.5787,-0.3056,0.3787,-0.4636
-2.5938,1.5803,-0.3056,0.3787,-0.46207
-2.6204,1.5818,-0.3056,0.3787,-0.46055
-2.6465,1.5833,-0.3056,0.3787,-0.45902
-2.6715,1.5848,-0.3056,0.3787,-0.4575
-2.6954,1.5864,-0.3056,0.3787,-0.45597
-2.7185,1.5879,-0.3056,0.3787,-0.45445
-2.7407,1.5894,-0.3056,0.3787,-0.45292
-2.7618,1.5909,-0.3056,0.3787,-0.4514
-2.7824,1.5925,-0.3056,0.3787,-0.44987
-2.8022,1.594,-0.3056,0.3787,-0.44835
-2.8215,1.5955,-0.3056,0.3787,-0.44682
-2.84,1.597,-0.3056,0.3787,-0.4453
-2.8579,1.5986,-0.3056,0.3787,-0.44377
-2.8751,1.6001,-0.3056,0.3787,-0.44225
-2.8917,1.6016,-0.3056,0.3787,-0.44072
-2.9077,1.6031,-0.3056,0.3787,-0.4392
-2.9233,1.6047,-0.3056,0.3787,-0.43767
-2.9382,1.6062,-0.3056,0.3787,-0.43615
-2.9525,1.6077,-0.3056,0.3787,-0.43462
-2.9665,1.6092,-0.3056,0.3787,-0.4331
-2.9802,1.6108,-0.3056,0.3787,-0.43158
-2.9933,1.6123,-0.3056,0.3787,-0.43005
-3.0059,1.6138,-0.3056,0.3787,-0.42853
-3.018,1.6153,-0.3056,0.3787,-0.427
-3.0298,1.6169,-0.3056,0.3787,-0.42548
-3.0412,1.6184,-0.3056,0.3787,-0.42395
-3.0524,1.6199,-0.3056,0.3787,-0.42243
-3.0631,1.6214,-0.3056,0.3787,-0.4209
-3.0736,1.623,-0.3056,0.3787,-0.41938
-3.0837,1.6245,-0.3056,0.3787,-0.41785
-3.0935,1.626,-0.3056,0.3787,-0.41633
-3.103,1.6275,-0.3056,0.3787,-0.4148
-3.1122,1.6291,-0.3056,0.3787,-0.41328
-3.1212,1.6306,-0.3056,0.3787,-0.41175
-3.1297,1.6321,-0.3056,0.3787,-0.41023
-3.1381,1.6336,-0.3056,0.3787,-0.4087
-3.1462,1.6352,-0.3056,0.3787,-0.40718
-3.154,1.6367,-0.3056,0.3787,-0.40565
-3.1616,1.6382,-0.3056,0.3787,-0.40413
-3.1689,1.6397,-0.3056,0.3787,-0.4026
-3.1759,1.6413,-0.3056,0.3787,-0.40108
-3.1827,1.6428,-0.3056,0.3787,-0.39955
-3.1896,1.6443,-0.3056,0.3787,-0.39803
-3.1965,1.6458,-0.3056,0.3787,-0.3965
-3.203,1.6474,-0.3056,0.3787,-0.39498
-3.2093,1.6489,-0.3056,0.3787,-0.39345
-3.2153,1.6504,-0.3056,0.3787,-0.39193
-3.2212,1.6519,-0.3056,0.3787,-0.3904
-3.2268,1.6535,-0.3056,0.3787,-0.38888
-3.2323,1.655,-0.3056,0.3787,-0.38735
-3.2376,1.6565,-0.3056,0.3787,-0.38583
-3.2428,1.658,-0.3056,0.3787,-0.3843
-3.2478,1.6596,-0.3056,0.3787,-0.38278
-3.2528,1.6611,-0.3056,0.3787,-0.38125
-3.2575,1.6626,-0.3056,0.3787,-0.37973
-3.2621,1.6641,-0.3056,0.3787,-0.3782
-3.2665,1.6657,-0.3056,0.3787,-0.37668
-3.2708,1.6672,-0.3056,0.3787,-0.37515
-3.275,1.6687,-0.3056,0.3787,-0.37363
-3.2791,1.6702,-0.3056,0.3787,-0.3721
-3.2831,1.6718,-0.3056,0.3787,-0.37058
-3.287,1.6733,-0.3056,0.3787,-0.36905
-3.2908,1.6748,-0.3056,0.3787,-0.36753
-3.2945,1.6763,-0.3056,0.3787,-0.366
-3.2981,1.6779,-0.3056,0.3787,-0.36448
-3.3016,1.6794,-0.3056,0.3787,-0.36295
-3.305,1.6809,-0.3056,0.3787,-0.36143
-3.3082,1.6824,-0.3056,0.3787,-0.3599
-3.3112,1.684,-0.3056,0.3787,-0.35838
-3.3143,1.6855,-0.3056,0.3787,-0.35685
-3.3174,1.687,-0.3056,0.3787,-0.35533
-3.3204,1.6885,-0.3056,0.3787,-0.3538
-3.3233,1.6901,-0.3056,0.3787,-0.35228
-3.326,1.6916,-0.3056,0.3787,-0.35075
-3.3286,1.6931,-0.3056,0.3787,-0.34923
-3.3313,1.6946,-0.3056,0.3787,-0.3477
-3.3339,1.6962,-0.3056,0.3787,-0.34617
-3.3364,1.6977,-0.3056,0.3787,-0.34465
-3.3388,1.6992,-0.3056,0.3787,-0.34312
-3.3411,1.7007,-0.3056,0.3787,-0.3416
-3.3434,1.7023,-0.3056,0.3787,-0.34007
-3.3456,1.7038,-0.3056,0.3787,-0.33855
-3.3478,1.7053,-0.3056,0.3787,-0.33702
-3.3499,1.7068,-0.3056,0.3787,-0.3355
-3.3519,1.7084,-0.3056,0.3787,-0.33397
-3.3538,1.7099,-0.3056,0.3787,-0.33245
-3.3557,1.7114,-0.3056,0.3787,-0.33092
-3.3577,1.7129,-0.3056,0.3787,-0.3294
-3.3596,1.7145,-0.3056,0.3787,-0.32787
-3.3614,1.716,-0.3056,0.3787,-0.32635
-3.3632,1.7175,-0.3056,0.3787,-0.32482
-3.3648,1.719,-0.3056,0.3787,-0.3233
-3.3664,1.7206,-0.3056,0.3787,-0.32177
-3.3679,1.7221,-0.3056,0.3787,-0.32025
-3.3695,1.7236,-0.3056,0.3787,-0.31872
-3.3711,1.7251,-0.3056,0.3787,-0.3172
-3.3725,1.7267,-0.3056,0.3787,-0.31567
-3.3742,1.7282,-0.3056,0.3787,-0.31415
-3.3757,1.7297,-0.3056,0.3787,-0.31262
-3.377,1.7312,-0.3056,0.3787,-0.3111
-3.3785,1.7328,-0.3056,0.3787,-0.30957
-3.38,1.7343,-0.3056,0.3787,-0.30805
-3.3813,1.7358,-0.3056,0.3787,-0.30652
-3.3826,1.7373,-0.3056,0.3787,-0.305
-3.3837,1.7389,-0.3056,0.3787,-0.30347
-3.3848,1.7404,-0.3056,0.3787,-0.30195
-3.3861,1.7419,-0.3056,0.3787,-0.30042
-3.3873,1.7434,-0.3056,0.3787,-0.2989
-3.3884,1.745,-0.3056,0.3787,-0.29737
-3.3896,1.7465,-0.3056,0.3787,-0.29585
-3.3907,1.748,-0.3056,0.3787,-0.29432
-3.3919,1.7495,-0.3056,0.3787,-0.2928
-3.3931,1.7511,-0.3056,0.3787,-0.29127
-3.3941,1.7526,-0.3056,0.3787,-0.28975
-3.3951,1.7541,-0.3056,0.3787,-0.28822
-3.3962,1.7556,-0.3056,0.3787,-0.2867
-3.3973,1.7572,-0.3056,0.3787,-0.28517
-3.3984,1.7587,-0.3056,0.3787,-0.28365
-3.3993,1.7602,-0.3056,0.3787,-0.28212
-3.4003,1.7617,-0.3056,0.3787,-0.2806
-3.4012,1.7633,-0.3056,0.3787,-0.27907
-3.402,1.7648,-0.3056,0.3787,-0.27755
-3.403,1.7663,-0.3056,0.3787,-0.27602
-3.404,1.7678,-0.3056,0.3787,-0.2745
-3.4049,1.7694,-0.3056,0.3787,-0.27297
-3.4058,1.7709,-0.3056,0.3787,-0.27145
-3.4065,1.7724,-0.3056,0.3787,-0.26992
-3.4073,1.7739,-0.3056,0.3787,-0.2684
-3.4081,1.7755,-0.3056,0.3787,-0.26687
-3.4089,1.777,-0.3056,0.3787,-0.26535
-3.4098,1.7785,-0.3056,0.3787,-0.26382
-3.4107,1.78,-0.3056,0.3787,-0.2623
-3.4115,1.7816,-0.3056,0.3787,-0.26077
-3.4122,1.7831,-0.3056,0.3787,-0.25925
-3.413,1.7846,-0.3056,0.3787,-0.25773
-3.4137,1.7861,-0.3056,0.3787,-0.2562
-3.4144,1.7877,-0.3056,0.3787,-0.25468
-3.4151,1.7892,-0.3056,0.3787,-0.25315
-3.4158,1.7907,-0.3056,0.3787,-0.25163
-3.4165,1.7922,-0.3056,0.3787,-0.2501
-3.4172,1.7938,-0.3056,0.3787,-0.24858
-3.4179,1.7953,-0.3056,0.3787,-0.24705
-3.4185,1.7968,-0.3056,0.3787,-0.24553
-3.4192,1.7983,-0.3056,0.3787,-0.244
-3.42,1.7999,-0.3056,0.3787,-0.24248
-3.4206,1.8014,-0.3056,0.3787,-0.24095
-3.4213,1.8029,-0.3056,0.3787,-0.23943
-3.422,1.8044,-0.3056,0.3787,-0.2379
-3.4226,1.806,-0.3056,0.3787,-0.23638
-3.4232,1.8075,-0.3056,0.3787,-0.23485
-3.4238,1.809,-0.3056,0.3787,-0.23333
-3.4243,1.8105,-0.3056,0.3787,-0.2318
-3.4249,1.8121,-0.3056,0.3787,-0.23028
-3.4254,1.8136,-0.3056,0.3787,-0.22875
-3.4261,1.8151,-0.3056,0.3787,-0.22723
-3.4269,1.8166,-0.3056,0.3787,-0.2257
-3.4276,1.8182,-0.3056,0.3787,-0.22418
-3.4283,1.8197,-0.3056,0.3787,-0.22265
-3.429,1.8212,-0.3056,0.3787,-0.22113
-3.4297,1.8227,-0.3056,0.3787,-0.2196
-3.4304,1.8243,-0.3056,0.3787,-0.21808
-3.4313,1.8258,-0.3056,0.3787,-0.21655
-3.4322,1.8273,-0.3056,0.3787,-0.21502
-3.4329,1.8288,-0.3056,0.3787,-0.2135
-3.4336,1.8304,-0.3056,0.3787,-0.21197
-3.4343,1.8319,-0.3056,0.3787,-0.21045
-3.4351,1.8334,-0.3056,0.3787,-0.20892
-3.4359,1.8349,-0.3056,0.3787,-0.2074
-3.4366,1.8365,-0.3056,0.3787,-0.20587
-3.4374,1.838,-0.3056,0.3787,-0.20435
-3.4382,1.8395,-0.3056,0.3787,-0.20282
-3.439,1.841,-0.3056,0.3787,-0.2013
-3.4399,1.8426,-0.3056,0.3787,-0.19977
-3.4407,1.8441,-0.3056,0.3787,-0.19825
-3.4414,1.8456,-0.3056,0.3787,-0.19672
-3.4424,1.8471,-0.3056,0.3787,-0.1952
-3.4434,1.8487,-0.3056,0.3787,-0.19367
-3.4441,1.8502,-0.3056,0.3787,-0.19215
-3.4449,1.8517,-0.3056,0.3787,-0.19062
-3.4459,1.8532,-0.3056,0.3787,-0.1891
-3.4467,1.8548,-0.3056,0.3787,-0.18757
-3.4475,1.8563,-0.3056,0.3787,-0.18605
-3.4484,1.8578,-0.3056,0.3787,-0.18452
-3.4494,1.8593,-0.3056,0.3787,-0.183
-3.4504,1.8609,-0.3056,0.3787,-0.18147
-3.4513,1.8624,-0.3056,0.3787,-0.17995
-3.4523,1.8639,-0.3056,0.3787,-0.17842
-3.4533,1.8654,-0.3056,0.3787,-0.1769
-3.4543,1.867,-0.3056,0.3787,-0.17537
-3.4553,1.8685,-0.3056,0.3787,-0.17385
-3.4565,1.87,-0.3056,0.3787,-0.17233
-3.4576,1.8715,-0.3056,0.3787,-0.1708
-3.4587,1.8731,-0.3056,0.3787,-0.16928
-3.4599,1.8746,-0.3056,0.3787,-0.16775
-3.461,1.8761,-0.3056,0.3787,-0.16623
-3.4621,1.8776,-0.3056,0.3787,-0.1647
-3.4632,1.8792,-0.3056,0.3787,-0.16318
-3.4644,1.8807,-0.3056,0.3787,-0.16165
-3.4657,1.8822,-0.3056,0.3787,-0.16013
-3.4669,1.8837,-0.3056,0.3787,-0.1586
-3.468,1.8853,-0.3056,0.3787,-0.15708
-3.4692,1.8868,-0.3056,0.3787,-0.15555
-3.4705,1.8883,-0.3056,0.3787,-0.15403
-3.4719,1.8898,-0.3056,0.3787,-0.1525
-3.4733,1.8914,-0.3056,0.3787,-0.15098
-3.4747,1.8929,-0.3056,0.3787,-0.14945
-3.4763,1.8944,-0.3056,0.3787,-0.14793
-3.4779,1.8959,-0.3056,0.3787,-0.1464
-3.4795,1.8975,-0.3056,0.3787,-0.14488
-3.4812,1.899,-0.3056,0.3787,-0.14335
-3.4829,1.9005,-0.3056,0.3787,-0.14183
-3.4846,1.902,-0.3056,0.3787,-0.1403
-3.4866,1.9036,-0.3056,0.3787,-0.13878
-3.4884,1.9051,-0.3056,0.3787,-0.13725
-3.4903,1.9066,-0.3056,0.3787,-0.13573
-3.4921,1.9081,-0.3056,0.3787,-0.1342
-3.4939,1.9097,-0.3056,0.3787,-0.13268
-3.4959,1.9112,-0.3056,0.3787,-0.13115
-3.498,1.9127,-0.3056,0.3787,-0.12962
-3.5001,1.9142,-0.3056,0.3787,-0.1281
-3.5023,1.9158,-0.3056,0.3787,-0.12657
-3.5046,1.9173,-0.3056,0.3787,-0.12505
-3.5069,1.9188,-0.3056,0.3787,-0.12353
-3.5093,1.9203,-0.3056,0.3787,-0.122
-3.5118,1.9219,-0.3056,0.3787,-0.12048
-3.5143,1.9234,-0.3056,0.3787,-0.11895
-3.5169,1.9249,-0.3056,0.3787,-0.11743
-3.5196,1.9264,-0.3056,0.3787,-0.1159
-3.5224,1.928,-0.3056,0.3787,-0.11438
-3.5252,1.9295,-0.3056,0.3787,-0.11285
-3.5282,1.931,-0.3056,0.3787,-0.11133
-3.5312,1.9325,-0.3056,0.3787,-0.1098
-3.5343,1.9341,-0.3056,0.3787,-0.10827
-3.5375,1.9356,-0.3056,0.3787,-0.10675
-3.5408,1.9371,-0.3056,0.3787,-0.10522
-3.5443,1.9386,-0.3056,0.3787,-0.1037
-3.5478,1.9402,-0.3056,0.3787,-0.10217
-3.5514,1.9417,-0.3056,0.3787,-0.10065
-3.5552,1.9432,-0.3056,0.3787,-0.099125
-3.5592,1.9447,-0.3056,0.3787,-0.0976
-3.5633,1.9463,-0.3056,0.3787,-0.096075
-3.5675,1.9478,-0.3056,0.3787,-0.09455
-3.5718,1.9493,-0.3056,0.3787,-0.093025
-3.5763,1.9508,-0.3056,0.3787,-0.0915
-3.5809,1.9524,-0.3056,0.3787,-0.089975
-3.5857,1.9539,-0.3056,0.3787,-0.08845
-3.5908,1.9554,-0.3056,0.3787,-0.086925
-3.596,1.9569,-0.3056,0.3787,-0.0854
-3.6014,1.9585,-0.3056,0.3787,-0.083875
-3.607,1.96,-0.3056,0.3787,-0.08235
-3.6131,1.9615,-0.3056,0.3787,-0.080825
-3.619,1.963,-0.3056,0.3787,-0.0793
-3.6256,1.9646,-0.3056,0.3787,-0.077775
-3.632,1.9661,-0.3056,0.3787,-0.07625
-3.639,1.9676,-0.3056,0.3787,-0.074725
-3.6468,1.9691,-0.3056,0.3787,-0.0732
-3.6522,1.9707,-0.3056,0.3787,-0.071675
-3.6586,1.9722,-0.3056,0.3787,-0.07015
-3.6654,1.9737,-0.3056,0.3787,-0.068625
-3.6719,1.9752,-0.3056,0.3787,-0.0671
-3.6789,1.9768,-0.3056,0.3787,-0.065575
-3.6854,1.9783,-0.3056,0.3787,-0.06405
-3.6927,1.9798,-0.3056,0.3787,-0.062525
-3.7007,1.9813,-0.3056,0.3787,-0.061
-3.7092,1.9829,-0.3056,0.3787,-0.059475
-3.7178,1.9844,-0.3056,0.3787,-0.05795
-3.7268,1.9859,-0.3056,0.3787,-0.056425
-3.7359,1.9874,-0.3056,0.3787,-0.0549
-3.7445,1.989,-0.3056,0.3787,-0.053375
-3.754,1.9905,-0.3056,0.3787,-0.05185
-3.7617,1.992,-0.3056,0.3787,-0.050325
-3.7671,1.9935,-0.3056,0.3787,-0.0488
-3.7519,1.9951,-0.3056,0.3787,-0.047275
-3.7294,1.9966,-0.3056,0.3787,-0.04575
-3.7833,1.9981,-0.3056,0.3787,-0.044225
-3.8483,1.9996,-0.3056,0.3787,-0.0427
-3.894,2.0012,-0.3056,0.3787,-0.041175
-3.9071,2.0027,-0.3056,0.3787,-0.03965
-3.8603,2.0042,-0.3056,0.3787,-0.038125
-3.8337,2.0057,-0.3056,0.3787,-0.0366
-3.8233,2.0073,-0.3056,0.3787,-0.035075
-3.8118,2.0088,-0.3056,0.3787,-0.03355
-3.8042,2.0103,-0.3056,0.3787,-0.032025
-3.8028,2.0118,-0.3056,0.3787,-0.0305
-3.7982,2.0134,-0.3056,0.3787,-0.028975
-3.7929,2.0149,-0.3056,0.3787,-0.02745
-3.7862,2.0164,-0.3056,0.3787,-0.025925
-3.7677,2.0179,-0.3056,0.3787,-0.024399
-3.7467,2.0195,-0.3056,0.3787,-0.022871
-3.7287,2.021,-0.3056,0.3787,-0.021335
-3.694,2.0226,-0.3056,0.3787,-0.019782
-3.6654,2.0242,-0.3056,0.3787,-0.018191
-3.6332,2.0258,-0.3056,0.3787,-0.01655
-3.6071,2.0274,-0.3056,0.3787,-0.014933
-3.5859,2.029,-0.30561,0.37871,-0.013301
